Date,Name,Year,Letterboxd URI
2022-09-12,Last Night in Soho,2021,https://boxd.it/lbJC
2022-09-12,The Skeleton Twins,2014,https://boxd.it/7bCS
2022-09-12,Lost in Translation,2003,https://boxd.it/2b0E
2022-09-12,Palo Alto,2013,https://boxd.it/5Nzy
2022-09-12,Lady Bird,2017,https://boxd.it/dGNE
2022-09-12,Spring Breakers,2012,https://boxd.it/421s
2022-09-12,The Bling Ring,2013,https://boxd.it/3lPY
2022-09-12,Obvious Child,2014,https://boxd.it/7i3A
2022-09-12,Life After Beth,2014,https://boxd.it/7bqM
2022-09-12,How to Talk to Girls at Parties,2017,https://boxd.it/bo80
2022-09-12,mid90s,2018,https://boxd.it/fxIa
2022-09-12,The Last Black Man in San Francisco,2019,https://boxd.it/iWAw
2022-09-12,Marcel the Shell with Shoes On,2021,https://boxd.it/wMAk
2022-09-12,Confessions of a Shopaholic,2009,https://boxd.it/1E9e
2022-09-12,Footloose,2011,https://boxd.it/2cnk
2022-09-12,13 Going on 30,2004,https://boxd.it/1X6e
2022-09-12,Nine to Five,1980,https://boxd.it/1F2S
2022-09-12,Bend It Like Beckham,2002,https://boxd.it/2am0
2022-09-12,Ford v Ferrari,2019,https://boxd.it/ce74
2022-09-12,Le Mans,1971,https://boxd.it/22lo
2022-09-12,Little Women,1933,https://boxd.it/12RC
2022-09-12,Creature from the Black Lagoon,1954,https://boxd.it/1UXk
2022-09-12,Palm Springs,2020,https://boxd.it/lCXQ
2022-09-12,Hustlers,2019,https://boxd.it/jIBM
2022-09-12,True Grit,2010,https://boxd.it/Sog
2022-09-12,White Noise,2022,https://boxd.it/rXgK
2022-09-12,Fruitvale Station,2013,https://boxd.it/4VRy
2022-09-12,World of Tomorrow Episode Two: The Burden of Other People's Thoughts,2017,https://boxd.it/gU8m
2022-09-12,Kicking and Screaming,1995,https://boxd.it/1pHK
2022-09-12,World of Tomorrow,2015,https://boxd.it/9Gr6
2022-09-12,Harold and Maude,1971,https://boxd.it/2axM
2022-09-12,Frances Ha,2012,https://boxd.it/41Xg
2022-09-12,Blindspotting,2018,https://boxd.it/hDMw
2022-09-12,Milk,2008,https://boxd.it/1WZC
2022-09-12,The Bridge,2006,https://boxd.it/28lO
2022-09-12,At Berkeley,2013,https://boxd.it/6iDw
2022-09-12,The Institute,2012,https://boxd.it/4ZQ0
2022-09-12,The Inventor: Out for Blood in Silicon Valley,2019,https://boxd.it/kLa2
2022-09-22,My Fair Lady,1964,https://boxd.it/1UBI
2022-09-22,Star Trek IV: The Voyage Home,1986,https://boxd.it/2aYe
2022-09-22,Over the Garden Wall,2014,https://boxd.it/eqFw
2022-09-22,Only Lovers Left Alive,2013,https://boxd.it/4O1U
2022-09-22,First Cow,2019,https://boxd.it/krga
2022-09-22,Brooklyn,2015,https://boxd.it/5bdk
2022-09-22,Call Me by Your Name,2017,https://boxd.it/dYmm
2022-09-22,Sabrina,1954,https://boxd.it/21tc
2022-09-22,Nomadland,2020,https://boxd.it/lnRy
2022-09-22,Won't You Be My Neighbor?,2018,https://boxd.it/hDPU
2022-09-22,Tigertail,2020,https://boxd.it/jRik
2022-09-22,Games People Play,2020,https://boxd.it/osiO
2022-09-22,Buffaloed,2019,https://boxd.it/jY24
2022-09-22,Julia,2021,https://boxd.it/uzNQ
2022-09-22,Licorice Pizza,2021,https://boxd.it/qTKY
2022-09-22,Three Thousand Years of Longing,2022,https://boxd.it/kmoy
2022-11-01,"Jeanne Dielman, 23, quai du Commerce, 1080 Bruxelles",1975,https://boxd.it/T18
2022-11-01,Animal House,1978,https://boxd.it/2062
2022-11-01,The Bob's Burgers Movie,2022,https://boxd.it/if7w
2022-11-01,Vincent,1982,https://boxd.it/1hLa
2022-11-01,Mary and The Witch's Flower,2017,https://boxd.it/ffTY
2022-11-01,Bridget Jones's Diary,2001,https://boxd.it/29WQ
2022-11-01,The Sisterhood of the Traveling Pants,2005,https://boxd.it/1XPo
2022-11-01,"Angus, Thongs and Perfect Snogging",2008,https://boxd.it/1RpO
2022-11-01,Sleepover,2004,https://boxd.it/1XAS
2022-11-01,Hoop Dreams,1994,https://boxd.it/1Opc
2022-11-01,Senna,2010,https://boxd.it/kfE
2022-11-01,Pretend It's a City,2021,https://boxd.it/tlWs
2022-11-01,Keep Sweet: Pray and Obey,2022,https://boxd.it/Bgb8
2022-11-01,Iris,2014,https://boxd.it/9mmK
2022-11-01,The Booksellers,2019,https://boxd.it/nksO
2022-11-01,Rosaline,2022,https://boxd.it/v9Ue
2022-11-21,Escape from Alcatraz,1979,https://boxd.it/1Vwk
2022-11-21,Breakfast at Tiffany's,1961,https://boxd.it/2aYS
2022-11-21,All Quiet on the Western Front,1930,https://boxd.it/2b2g
2022-11-21,Frankenstein,1931,https://boxd.it/25Te
2022-11-21,Gaslight,1944,https://boxd.it/1PYs
2022-11-21,Dracula,1958,https://boxd.it/1STA
2022-11-21,Young Frankenstein,1974,https://boxd.it/25To
2022-11-21,All the President's Men,1976,https://boxd.it/29lU
2022-11-21,Mad Max,1979,https://boxd.it/1Y7i
2022-11-21,Persepolis,2007,https://boxd.it/27DC
2022-11-21,All Quiet on the Western Front,2022,https://boxd.it/H08
2022-11-21,I Am Not Your Negro,2016,https://boxd.it/etXy
2022-11-21,The Times of Harvey Milk,1984,https://boxd.it/1g1U
2022-11-21,The Black Power Mixtape 1967-1975,2011,https://boxd.it/2ypM
2022-11-21,Bottle Rocket,1993,https://boxd.it/pP8
2022-11-21,Emma,1996,https://boxd.it/25c0
2022-11-21,Empire Records,1995,https://boxd.it/1PY8
2022-11-21,John Tucker Must Die,2006,https://boxd.it/1Z2S
2022-11-21,Lady Macbeth,2016,https://boxd.it/erJk
2022-11-21,The Beguiled,2017,https://boxd.it/dZ1k
2022-11-26,The Life Aquatic with Steve Zissou,2004,https://boxd.it/2aqw
2022-11-26,Bottle Rocket,1996,https://boxd.it/1PDa
2022-11-26,Hotel Chevalier,2007,https://boxd.it/21Ic
2022-11-26,Castello Cavalcanti,2013,https://boxd.it/6WlM
2023-01-01,The Nun,1966,https://boxd.it/WbK
2023-04-22,Renfield,2023,https://boxd.it/o8vy
2023-04-22,Air,2023,https://boxd.it/Arlc
2023-04-28,Reefer Madness,1936,https://boxd.it/17py
2023-04-28,Bride of Frankenstein,1935,https://boxd.it/2aPc
2023-04-28,Blazing Saddles,1974,https://boxd.it/1UHQ
2023-04-28,Caddyshack,1980,https://boxd.it/1SCO
2023-04-28,Coming to America,1988,https://boxd.it/1Ygu
2023-04-28,M*A*S*H,1970,https://boxd.it/29U6
2023-04-28,"Good Morning, Vietnam",1987,https://boxd.it/29Aq
2023-04-28,And Then There Were None,2015,https://boxd.it/cTHC
2023-04-28,The Pale Horse,2020,https://boxd.it/p1Qc
2023-04-28,The Name of the Rose,1986,https://boxd.it/2aUw
2023-04-28,Crooked House,2017,https://boxd.it/ePQE
2023-04-28,The Pale Blue Eye,2022,https://boxd.it/u8tk
2023-04-28,The ABC Murders,2018,https://boxd.it/kP5g
2023-04-28,Jane Eyre,2006,https://boxd.it/8DUM
2023-04-28,Russian Ark,2002,https://boxd.it/1JQM
2023-04-28,Judy & Punch,2019,https://boxd.it/ij9w
2023-04-28,Emily,2022,https://boxd.it/qrMC
2023-09-09,Asteroid City,2023,https://boxd.it/s3ds
2023-09-09,Aftersun,2022,https://boxd.it/Arw0
2023-09-09,Dungeons & Dragons: Honor Among Thieves,2023,https://boxd.it/hN1A
2023-09-09,Teenage Mutant Ninja Turtles: Mutant Mayhem,2023,https://boxd.it/mK0a
2023-09-09,Priscilla,2023,https://boxd.it/Cz3k
2023-09-09,Next Goal Wins,2023,https://boxd.it/mZTu
2023-09-09,Stephen Curry: Underrated,2023,https://boxd.it/wuUw
2023-09-09,The Color Purple,2023,https://boxd.it/ksja
2023-09-09,The Banshees of Inisherin,2022,https://boxd.it/p7XS
2023-09-09,Women Talking,2022,https://boxd.it/tdq4
2023-09-09,Emily the Criminal,2022,https://boxd.it/wBOq
2023-09-09,The Blackening,2022,https://boxd.it/C6VM
2023-09-09,System Crasher,2019,https://boxd.it/kO1W
2023-09-09,Shiva Baby,2020,https://boxd.it/oIv0
2023-09-09,Working Girls,1986,https://boxd.it/3kYA
2023-09-16,Taxi Driver,1976,https://boxd.it/2b8y
2023-10-09,Diary of a Mad Black Woman,2005,https://boxd.it/1KDE
2023-10-09,Roxanne,1987,https://boxd.it/1TuG
2023-10-26,Killers of the Flower Moon,2023,https://boxd.it/gHp0
2023-10-26,Totally Killer,2023,https://boxd.it/AOpG
2023-11-26,The Killer,2023,https://boxd.it/u6WE
2023-11-26,The Marvels,2023,https://boxd.it/mwU4
2023-11-26,"Planes, Trains and Automobiles",1987,https://boxd.it/26zE
2023-11-26,The Boy and the Heron,2023,https://boxd.it/ipeM
2023-11-26,The Wonderful Story of Henry Sugar,2023,https://boxd.it/yNyo
2023-11-26,Poison,2023,https://boxd.it/Is7Q
2023-11-26,The Rat Catcher,2023,https://boxd.it/Is8a
2023-11-26,The Swan,2023,https://boxd.it/Is80
2023-11-26,Strange Way of Life,2023,https://boxd.it/Aomw
2023-11-26,Eyes Wide Shut,1999,https://boxd.it/2axs
2023-11-26,Paprika,2006,https://boxd.it/23wW
2023-11-26,They Cloned Tyrone,2023,https://boxd.it/rE7a
2024-01-03,Once Upon a Time in the West,1968,https://boxd.it/2az4
2024-01-04,Poetic Justice,1993,https://boxd.it/20og
2024-01-06,American Fiction,2023,https://boxd.it/DYHm
2024-01-10,The Talented Mr. Ripley,1999,https://boxd.it/2924
2024-02-17,The Peasants,2023,https://boxd.it/rwWa
2024-03-04,The Iron Claw,2023,https://boxd.it/w5Pm
2024-08-11,Soapdish,1991,https://boxd.it/1vzi
2024-09-07,The Hot Chick,2002,https://boxd.it/1SW0
2024-09-23,Seeking Mavis Beacon,2024,https://boxd.it/zzKM
2024-09-28,Big Fish,2003,https://boxd.it/2a3M
2024-10-11,Freeway II: Confessions of a Trickbaby,1999,https://boxd.it/12To
2024-10-11,Mod Fuck Explosion,1994,https://boxd.it/7lew
2024-10-11,Labyrinth,1986,https://boxd.it/1POC
2024-10-11,The Addams Family,1991,https://boxd.it/267g
2024-10-11,Maximum Overdrive,1986,https://boxd.it/1XnO
2024-10-12,Mermaids,1990,https://boxd.it/244u
2024-10-12,Rebel Without a Cause,1955,https://boxd.it/2aQu
2024-10-12,Bitch Slap,2009,https://boxd.it/1tjM
2024-10-12,Zombie Ass: Toilet of the Dead,2011,https://boxd.it/3to2
2024-10-18,Arsenic and Old Lace,1944,https://boxd.it/2aRW
2024-10-18,Galaxy Quest,1999,https://boxd.it/29gq
2024-10-18,Being John Malkovich,1999,https://boxd.it/2ahu
2024-10-18,Murder by Death,1976,https://boxd.it/228k
2024-11-09,Seven Samurai,1954,https://boxd.it/2axi
2024-11-09,The Wild Robot,2024,https://boxd.it/IWFy
2024-11-09,Joker: Folie à Deux,2024,https://boxd.it/xBoE
2024-11-10,The Last of Sheila,1973,https://boxd.it/1u5G
2024-11-25,Risky Business,1983,https://boxd.it/1YUE
2024-11-25,Brazil,1985,https://boxd.it/2be2
2024-12-06,Talk to Me,2022,https://boxd.it/C6uQ
2024-12-09,Blink Twice,2024,https://boxd.it/vIOg
2024-12-09,Smile 2,2024,https://boxd.it/FDA4
2024-12-16,Queer,2024,https://boxd.it/E4RW
2024-12-19,Melancholia,2011,https://boxd.it/bPI
2024-12-24,Death Proof,2007,https://boxd.it/27GG
2024-12-24,The Conformist,1970,https://boxd.it/20cE
2024-12-26,Secretary,2002,https://boxd.it/1URc
2024-12-29,Midnight Cowboy,1969,https://boxd.it/25Hi
2024-12-29,My Cousin Vinny,1992,https://boxd.it/1WpO
2025-01-02,Let's Scare Jessica to Death,1971,https://boxd.it/1KI0
2025-01-02,The Velvet Vampire,1971,https://boxd.it/1ohw
2025-01-02,You'll Like My Mother,1972,https://boxd.it/4Aue
2025-01-03,Tightrope,1984,https://boxd.it/1TbE
2025-01-05,I ♥ Huckabees,2004,https://boxd.it/28vk
2025-01-05,All We Imagine as Light,2024,https://boxd.it/yXaQ
2025-01-05,Girls Will Be Girls,2024,https://boxd.it/FVUw
2025-01-08,A Streetcar Named Desire,1951,https://boxd.it/29Mc
2025-01-08,American Graffiti,1973,https://boxd.it/29us
2025-01-08,Spartacus,1960,https://boxd.it/29bq
2025-01-08,Who's Afraid of Virginia Woolf?,1966,https://boxd.it/2atK
2025-01-08,Every Which Way but Loose,1978,https://boxd.it/1MhA
2025-01-10,Before Sunrise,1995,https://boxd.it/2bcU
2025-01-11,Scent of a Woman,1992,https://boxd.it/1YAu
2025-01-11,Cruising,1980,https://boxd.it/1qzW
